order_id,review_score
ORD003776,5
ORD003055,5
ORD002031,5
ORD003153,5
ORD000517,4
ORD003805,4
ORD004798,2
ORD004447,4
ORD002716,5
ORD004007,4
ORD002117,3
ORD003305,5
ORD001770,2
ORD004762,3
ORD000684,5
ORD000305,4
ORD004204,3
ORD001914,3
ORD001933,4
ORD003605,3
ORD004184,5
ORD005000,5
ORD001881,5
ORD002318,4
ORD004083,5
ORD001913,4
ORD001655,4
ORD000239,4
ORD001308,5
ORD001765,5
ORD003724,4
ORD000389,5
ORD004335,4
ORD004429,4
ORD001529,4
ORD003972,4
ORD004141,3
ORD002868,5
ORD002824,4
ORD001781,3
ORD004414,5
ORD004404,4
ORD002895,4
ORD000854,3
ORD002160,5
ORD000042,5
ORD002605,1
ORD003144,2
ORD003824,4
ORD000536,1
ORD001193,4
ORD003381,5
ORD000766,1
ORD003418,3
ORD000705,4
ORD001231,5
ORD004695,5
ORD003363,5
ORD003626,2
ORD003807,4
ORD001687,4
ORD002823,1
ORD002684,4
ORD004823,5
ORD004306,4
ORD002814,4
ORD004272,2
ORD000177,3
ORD001745,3
ORD002651,2
ORD001026,5
ORD003024,4
ORD004999,5
ORD000214,5
ORD004305,5
ORD000974,2
ORD004854,5
ORD002445,4
ORD004448,4
ORD003670,4
ORD002707,5
ORD004060,5
ORD001135,2
ORD004507,5
ORD001448,5
ORD000524,5
ORD002154,4
ORD002374,4
ORD003959,4
ORD002963,3
ORD003481,4
ORD004355,5
ORD002909,2
ORD003234,5
ORD003673,1
ORD001642,1
ORD004223,5
ORD004406,3
ORD002894,4
ORD000176,4
ORD001770,4
ORD002426,1
ORD004858,2
ORD003798,5
ORD001742,3
ORD003534,5
ORD000123,2
ORD002183,4
ORD004719,5
ORD004972,5
ORD004449,4
ORD001237,5
ORD002273,4
ORD002170,5
ORD001037,5
ORD003218,4
ORD001229,4
ORD003859,4
ORD004629,3
ORD001588,5
ORD004005,5
ORD002066,3
ORD002124,5
ORD001573,3
ORD004574,4
ORD003125,1
ORD002816,4
ORD000901,2
ORD002045,5
ORD000821,5
ORD002380,4
ORD000837,3
ORD001323,5
ORD001142,4
ORD003781,5
ORD000954,5
ORD004309,4
ORD003079,4
ORD002855,3
ORD004942,4
ORD001633,5
ORD002028,3
ORD001606,5
ORD004029,1
ORD000547,4
ORD004683,4
ORD000315,5
ORD001168,5
ORD000956,5
ORD004464,4
ORD001986,5
ORD003260,5
ORD001154,5
ORD004747,4
ORD003901,2
ORD002220,2
ORD004054,3
ORD002737,5
ORD003205,3
ORD003743,5
ORD000167,3
ORD001772,3
ORD003605,3
ORD000434,5
ORD000517,3
ORD003963,3
ORD000801,4
ORD001341,1
ORD004329,4
ORD002139,4
ORD001202,1
ORD001252,5
ORD003308,5
ORD002313,4
ORD002671,5
ORD000337,5
ORD004850,4
ORD002628,4
ORD001314,4
ORD001437,2
ORD000943,5
ORD004298,3
ORD002408,2
ORD000597,5
ORD002188,4
ORD002808,5
ORD002071,2
ORD000327,5
ORD003703,3
ORD001435,5
ORD001909,4
ORD004485,3
ORD000126,5
ORD001025,4
ORD002307,4
ORD002408,5
ORD003956,5
ORD001145,5
ORD001720,1
ORD000606,4
ORD004125,4
ORD001619,2
ORD001745,5
ORD004672,5
ORD004355,5
ORD002261,5
ORD004687,5
ORD000970,4
ORD003260,2
ORD003893,5
ORD002560,5
ORD001635,4
ORD000881,4
ORD002013,5
ORD002368,3
ORD003631,5
ORD000069,4
ORD004341,5
ORD002614,4
ORD003023,3
ORD001118,4
ORD000972,5
ORD000623,3
ORD002736,5
ORD001830,5
ORD002536,5
ORD004978,4
ORD000521,5
ORD001868,5
ORD002168,5
ORD002596,5
ORD004840,1
ORD004451,4
ORD003962,5
ORD001324,4
ORD000343,2
ORD003419,5
ORD000189,1
ORD004750,4
ORD000650,5
ORD001422,5
ORD002011,3
ORD003579,3
ORD002779,4
ORD003909,5
ORD002162,5
ORD002337,2
ORD001312,4
ORD001888,4
ORD004638,3
ORD004058,5
ORD002288,3
ORD003821,4
ORD002170,5
ORD001009,5
ORD001310,4
ORD000976,4
ORD000469,3
ORD000427,3
ORD002258,5
ORD000669,5
ORD000759,5
ORD003691,3
ORD002601,4
ORD004979,5
ORD001528,4
ORD000034,5
ORD001147,5
ORD003882,4
ORD003211,4
ORD003936,4
ORD001150,4
ORD002839,3
ORD003273,4
ORD002010,5
ORD002451,4
ORD001276,4
ORD000925,5
ORD002387,5
ORD002805,5
ORD004870,4
ORD002775,1
ORD000479,5
ORD004389,3
ORD004630,5
ORD002376,4
ORD000658,4
ORD003494,5
ORD003179,5
ORD004050,4
ORD003905,3
ORD000517,5
ORD000376,2
ORD001727,5
ORD001038,5
ORD002899,5
ORD001826,4
ORD002520,4
ORD001246,5
ORD004663,1
ORD000442,5
ORD001988,4
ORD000318,4
ORD000257,4
ORD001193,2
ORD002519,1
ORD000364,5
ORD003630,4
ORD003797,4
ORD002276,5
ORD000067,5
ORD002555,5
ORD001549,1
ORD004971,4
ORD002361,1
ORD002069,3
ORD003455,1
ORD001255,5
ORD002545,4
ORD000020,2
ORD003475,3
ORD001241,2
ORD000441,5
ORD002404,4
ORD000373,5
ORD002656,4
ORD003346,5
ORD002222,5
ORD003169,5
ORD003009,5
ORD002701,5
ORD004529,5
ORD002837,5
ORD004709,5
ORD004978,4
ORD003886,3
ORD004464,5
ORD004828,5
ORD003964,2
ORD003936,3
ORD003232,5
ORD002585,3
ORD001370,4
ORD002861,5
ORD001250,5
ORD001584,3
ORD004138,5
ORD002109,1
ORD002583,4
ORD000744,5
ORD004733,4
ORD003882,5
ORD000214,5
ORD000837,4
ORD001503,4
ORD002559,5
ORD000496,5
ORD003396,5
ORD001704,5
ORD003999,1
ORD003361,5
ORD003941,5
ORD003763,1
ORD001156,4
ORD000260,5
ORD003476,4
ORD002492,5
ORD000147,3
ORD003396,5
ORD001398,4
ORD002457,5
ORD004975,5
ORD001385,4
ORD004919,2
ORD004244,4
ORD002807,5
ORD004977,3
ORD001277,4
ORD002188,5
ORD004960,5
ORD004435,5
ORD000793,4
ORD004937,3
ORD001008,3
ORD002100,5
ORD001425,5
ORD002233,3
ORD002519,4
ORD002014,5
ORD001071,4
ORD002244,5
ORD003233,3
ORD002781,5
ORD003514,5
ORD002399,5
ORD001107,4
ORD004006,2
ORD003989,5
ORD002296,4
ORD002037,5
ORD003518,5
ORD004872,5
ORD000942,4
ORD004381,4
ORD003433,3
ORD003204,5
ORD003530,5
ORD002039,5
ORD002846,5
ORD002911,3
ORD002134,5
ORD003864,4
ORD001459,5
ORD003491,5
ORD002969,5
ORD001256,5
ORD001097,4
ORD004439,3
ORD002024,5
ORD003542,4
ORD003378,4
ORD002379,5
ORD004172,2
ORD001858,5
ORD003906,4
ORD004531,3
ORD002537,5
ORD001768,5
ORD001714,4
ORD002265,3
ORD003573,5
ORD004446,5
ORD001811,2
ORD000691,4
ORD003047,4
ORD004823,5
ORD002526,5
ORD002070,5
ORD002679,5
ORD003406,4
ORD004024,5
ORD004560,5
ORD000960,4
ORD001459,5
ORD002707,2
ORD002828,4
ORD000831,5
ORD003793,5
ORD004434,5
ORD001887,4
ORD001411,5
ORD001344,5
ORD001622,5
ORD000913,5
ORD004164,5
ORD001950,5
ORD003203,4
ORD000778,4
ORD004931,2
ORD004061,3
ORD000866,3
ORD001665,4
ORD004799,4
ORD002777,5
ORD004565,5
ORD004566,4
ORD003796,2
ORD003617,4
ORD004813,4
ORD002191,1
ORD002056,4
ORD003821,5
ORD002946,4
ORD000013,3
ORD004171,5
ORD002540,5
ORD004098,3
ORD004785,3
ORD001521,4
ORD002455,4
ORD000451,4
ORD000784,5
ORD003055,3
ORD004110,3
ORD004690,5
ORD002563,5
ORD001877,3
ORD001596,5
ORD000601,5
ORD002621,5
ORD003884,5
ORD000509,3
ORD004128,4
ORD002313,5
ORD004904,5
ORD004334,5
ORD004240,1
ORD003732,3
ORD001035,4
ORD003954,2
ORD003393,4
ORD001175,1
ORD003113,3
ORD000162,5
ORD003382,4
ORD003972,5
ORD002941,4
ORD000909,4
ORD004509,3
ORD000330,3
ORD004703,2
ORD001868,4
ORD001823,3
ORD001597,5
ORD001507,2
ORD001891,3
ORD003174,5
ORD002777,5
ORD004863,5
ORD003428,5
ORD003332,5
ORD003349,2
ORD003773,4
ORD003922,2
ORD001972,5
ORD004358,5
ORD001687,2
ORD001573,5
ORD001051,3
ORD003586,5
ORD003816,5
ORD004191,4
ORD000579,5
ORD002862,5
ORD000034,5
ORD000144,5
ORD002158,3
ORD001898,5
ORD000583,5
ORD004394,5
ORD004021,3
ORD004308,4
ORD003300,4
ORD000969,4
ORD000397,5
ORD001893,3
ORD000105,5
ORD003465,1
ORD001467,5
ORD003469,3
ORD001884,5
ORD002316,5
ORD002950,5
ORD002552,4
ORD001467,5
ORD001151,1
ORD003453,5
ORD004395,5
ORD001936,4
ORD003100,2
ORD002258,5
ORD002291,5
ORD004235,5
ORD001810,2
ORD001966,5
ORD000084,5
ORD002783,5
ORD001342,4
ORD004998,3
ORD002090,5
ORD001864,5
ORD001178,3
ORD002625,5
ORD000788,4
ORD003149,5
ORD003041,4
ORD002945,3
ORD002177,5
ORD002002,5
ORD003630,2
ORD002734,3
ORD003907,4
ORD004687,4
ORD004065,4
ORD000577,4
ORD002332,4
ORD001602,1
ORD002780,4
ORD001443,3
ORD001446,5
ORD000099,4
ORD002096,5
ORD001116,5
ORD001530,3
ORD002225,4
ORD001669,2
ORD000691,5
ORD003716,4
ORD000605,4
ORD002819,5
ORD001206,5
ORD002251,5
ORD000283,5
ORD000824,3
ORD003275,4
ORD004470,4
ORD001042,5
ORD000111,4
ORD003233,1
ORD001457,5
ORD001078,5
ORD004698,4
ORD003433,5
ORD000424,4
ORD000987,5
ORD004969,5
ORD003565,4
ORD001652,5
ORD002198,3
ORD003055,3
ORD000153,5
ORD000205,5
ORD000928,5
ORD002006,5
ORD003909,5
ORD004263,5
ORD002786,4
ORD000656,5
ORD001248,5
ORD001908,4
ORD001049,4
ORD002096,5
ORD002234,1
ORD002635,5
ORD000991,2
ORD003489,5
ORD003237,5
ORD001852,4
ORD004825,5
ORD000264,4
ORD000496,4
ORD001995,5
ORD002278,4
ORD004772,5
ORD004984,4
ORD003032,4
ORD004023,3
ORD003283,5
ORD003219,5
ORD003717,4
ORD003598,3
ORD000664,5
ORD004352,2
ORD001916,4
ORD001091,4
ORD000398,4
ORD002109,4
ORD001569,5
ORD003898,2
ORD002914,4
ORD000592,4
ORD000661,4
ORD004188,5
ORD001529,2
ORD001320,4
ORD000120,3
ORD000817,5
ORD003525,2
ORD004418,4
ORD001390,5
ORD001491,3
ORD002800,5
ORD003684,3
ORD000692,2
ORD004203,3
ORD002235,5
ORD002858,5
ORD004780,4
ORD001178,3
ORD001944,5
ORD002435,4
ORD003833,5
ORD002605,4
ORD004206,5
ORD003022,4
ORD002916,5
ORD003013,5
ORD000041,4
ORD003831,5
ORD002592,4
ORD001160,4
ORD004565,4
ORD004935,4
ORD001486,5
ORD002697,5
ORD001197,3
ORD002921,5
ORD003730,5
ORD004496,4
ORD001427,4
ORD000265,4
ORD001408,4
ORD001456,3
ORD002333,4
ORD000932,2
ORD000267,5
ORD000689,5
ORD001501,4
ORD001718,5
ORD000753,5
ORD002804,4
ORD000319,5
ORD003008,4
ORD001263,3
ORD004137,4
ORD000816,4
ORD002377,1
ORD004525,5
ORD002282,4
ORD004901,4
ORD004361,5
ORD001229,2
ORD000620,4
ORD001263,4
ORD003990,5
ORD001197,2
ORD002731,5
ORD004908,4
ORD004704,3
ORD000155,4
ORD001571,5
ORD002616,4
ORD002992,4
ORD003447,3
ORD003380,5
ORD000094,5
ORD003261,5
ORD001861,2
ORD002475,5
ORD002296,5
ORD004454,4
ORD002349,5
ORD000148,4
ORD000957,4
ORD003271,5
ORD003121,5
ORD004191,5
ORD003004,4
ORD000867,4
ORD001612,4
ORD004843,3
ORD002260,5
ORD003060,4
ORD004983,4
ORD004963,4
ORD003459,5
ORD001523,4
ORD003383,5
ORD001973,5
ORD001225,5
ORD003816,4
ORD002397,5
ORD002412,1
ORD002594,4
ORD000907,5
ORD002032,4
ORD002199,5
ORD003827,5
ORD002638,3
ORD000351,5
ORD004511,5
ORD003978,5
ORD003829,4
ORD001962,5
ORD003956,4
ORD000597,2
ORD000052,5
ORD000990,5
ORD003722,4
ORD002051,5
ORD001516,5
ORD004097,5
ORD002579,2
ORD001516,5
ORD003051,1
ORD002013,3
ORD001832,5
ORD004126,3
ORD002836,5
ORD002263,4
ORD003889,4
ORD001125,1
ORD001485,2
ORD004819,5
ORD004015,4
ORD004086,4
ORD004830,5
ORD003250,3
ORD001437,5
ORD000660,5
ORD003264,2
ORD001902,5
ORD000242,5
ORD002705,1
ORD000158,5
ORD000382,4
ORD000884,2
ORD002656,5
ORD001248,4
ORD001274,4
ORD002539,5
ORD002664,5
ORD004586,3
ORD003950,5
ORD002947,5
ORD004115,5
ORD001777,4
ORD004293,3
ORD001607,4
ORD001445,5
ORD001775,1
ORD002624,5
ORD003095,5
ORD002994,4
ORD000192,5
ORD000399,4
ORD000848,4
ORD001093,4
ORD000448,4
ORD004531,5
ORD000666,3
ORD001503,3
ORD004748,5
ORD004462,5
ORD000615,5
ORD001567,5
ORD002281,5
ORD002571,5
ORD001335,5
ORD004008,4
ORD002311,5
ORD002587,1
ORD004881,5
ORD000466,5
ORD004054,5
ORD002402,5
ORD004071,4
ORD003642,3
ORD004210,2
ORD003714,5
ORD000987,4
ORD001208,5
ORD001196,4
ORD001644,5
ORD004694,4
ORD003078,5
ORD004523,3
ORD000100,5
ORD002758,5
ORD001283,5
ORD001603,4
ORD001969,5
ORD001892,5
ORD002071,5
ORD004132,5
ORD003343,5
ORD000877,3
ORD002877,4
ORD004157,5
ORD003575,3
ORD001820,5
ORD003657,5
ORD001407,5
ORD000070,5
ORD000390,5
ORD001535,4
ORD003182,4
ORD004690,5
ORD004957,5
ORD004439,2
ORD003342,5
ORD003193,3
ORD001844,5
ORD000703,5
ORD001279,5
ORD004996,5
ORD001848,5
ORD004467,5
ORD001811,2
ORD002148,5
ORD000318,4
ORD004092,5
ORD004002,4
ORD001102,5
ORD003797,5
ORD001403,5
ORD004895,4
ORD002275,5
ORD000868,2
ORD001302,5
ORD003375,3
ORD000381,4
ORD003010,3
ORD004111,4
ORD002566,5
ORD000865,4
ORD004929,1
ORD004491,5
ORD000573,5
ORD001501,5
ORD001051,4
ORD001670,5
ORD001061,4
ORD004383,5
ORD003204,4
ORD004128,4
ORD001715,2
ORD003576,2
ORD004093,5
ORD000627,3
ORD004928,4
ORD003342,5
ORD002115,5
ORD003740,4
ORD000012,3
ORD003468,5
ORD002556,5
ORD004179,3
ORD001241,5
ORD004787,5
ORD002534,3
ORD004845,5
ORD002274,5
ORD001666,3
ORD000365,3
ORD003695,4
ORD001287,4
ORD000217,2
ORD003364,4
ORD003093,5
ORD002515,5
ORD003677,1
ORD000093,3
ORD003495,5
ORD002679,5
ORD004844,3
ORD003350,5
ORD000259,5
ORD001729,5
ORD004669,3
ORD003845,5
ORD002089,5
ORD001757,5
ORD000656,2
ORD002008,4
ORD000116,5
ORD003137,3
ORD002154,3
ORD000479,4
ORD004734,4
ORD003611,5
ORD003857,4
ORD002272,3
ORD003196,5
ORD000778,4
ORD001193,2
ORD000006,3
ORD000595,4
ORD002676,4
ORD001893,4
ORD001140,5
ORD003820,3
ORD003913,5
ORD001358,4
ORD004170,4
ORD000639,4
ORD000083,3
ORD001603,2
ORD003364,5
ORD000306,2
ORD004950,5
ORD003899,5
ORD003657,5
ORD001054,5
ORD002875,4
ORD004671,4
ORD000240,5
ORD002361,5
ORD002483,4
ORD000076,5
ORD004260,1
ORD003423,4
ORD002910,4
ORD004246,5
ORD001200,5
ORD001358,4
ORD003656,5
ORD003163,1
ORD004728,3
ORD003731,3
ORD000796,2
ORD001942,5
ORD000126,4
ORD001655,5
ORD001822,2
ORD003545,4
ORD003535,4
ORD004697,5
ORD003625,5
ORD001913,5
ORD000739,3
ORD002525,2
ORD003035,5
ORD001858,3
ORD003984,1
ORD003667,4
ORD002213,5
ORD003458,3
ORD004172,4
ORD004052,4
ORD002972,2
ORD003012,5
ORD003865,5
ORD001038,5
ORD000148,4
ORD003411,5
ORD000398,5
ORD002698,4
ORD002543,5
ORD003810,5
ORD002735,2
ORD002654,4
ORD000935,4
ORD004404,5
ORD004702,4
ORD000076,5
ORD004233,5
ORD001701,5
ORD000901,5
ORD004346,3
ORD002549,1
ORD003020,3
ORD002593,4
ORD000061,4
ORD004270,4
ORD002805,5
ORD002813,5
ORD004069,3
ORD003156,5
ORD002943,4
ORD003835,4
ORD002614,2
ORD002022,3
ORD003968,4
ORD003460,5
ORD000089,5
ORD002255,5
ORD001462,5
ORD004346,5
ORD000787,5
ORD001597,5
ORD003733,4
ORD003202,2
ORD000018,5
ORD001046,5
ORD000783,5
ORD000498,5
ORD002672,1
ORD003195,5
ORD002237,5
ORD002603,5
ORD004113,2
ORD000268,4
ORD002899,4
ORD004354,3
ORD003323,4
ORD000173,5
ORD001708,5
ORD004908,5
ORD004532,5
ORD000229,5
ORD002002,3
ORD004472,5
ORD004557,5
ORD004434,5
ORD004905,4
ORD001041,4
ORD000105,4
ORD001995,4
ORD001299,4
ORD002665,4
ORD002401,5
ORD002475,5
ORD003070,4
ORD000208,1
ORD001490,2
ORD003973,4
ORD004124,4
ORD003896,5
ORD000066,4
ORD002389,5
ORD003178,5
ORD002871,4
ORD000404,4
ORD002708,4
ORD003121,2
ORD003364,5
ORD000604,1
ORD000905,5
ORD003787,5
ORD003787,5
ORD002442,4
ORD000900,4
ORD003406,4
ORD003245,3
ORD003675,4
ORD003092,5
ORD003151,4
ORD004640,4
ORD004467,5
ORD000413,4
ORD003194,5
ORD004910,4
ORD002076,4
ORD002102,5
ORD002418,5
ORD004956,5
ORD002444,3
ORD002866,5
ORD001733,5
ORD002215,3
ORD002102,4
ORD000676,5
ORD003506,2
ORD000125,3
ORD001240,4
ORD004769,1
ORD004506,5
ORD003810,5
ORD000964,1
ORD003258,5
ORD000377,3
ORD001932,3
ORD003178,3
ORD002625,5
ORD000893,3
ORD001653,1
ORD004946,5
ORD004675,5
ORD000298,4
ORD004774,5
ORD001477,4
ORD004037,5
ORD001916,5
ORD001888,5
ORD003479,4
ORD001054,4
ORD000189,5
ORD001889,5
ORD004015,4
ORD000742,4
ORD004287,5
ORD001176,4
ORD001990,2
ORD000702,5
ORD000654,3
ORD004957,5
ORD001910,4
ORD003698,4
ORD004928,5
ORD002371,5
ORD000191,5
ORD000242,4
ORD001968,3
ORD002151,5
ORD004797,5
ORD001185,4
ORD004540,5
ORD002642,4
ORD004428,5
ORD000823,5
ORD001279,5
ORD002717,5
ORD000197,2
ORD002296,5
ORD004032,3
ORD000128,4
ORD003304,5
ORD002355,5
ORD004050,5
ORD004159,3
ORD003600,5
ORD003633,4
ORD003277,5
ORD002281,2
ORD003675,5
ORD003837,5
ORD001358,1
ORD003189,4
ORD003391,4
ORD003701,4
ORD002697,5
ORD001852,3
ORD003782,2
ORD002250,2
ORD000107,5
ORD001127,4
ORD003658,3
ORD001993,5
ORD002306,5
ORD003642,5
ORD003167,2
ORD003752,5
ORD004607,4
ORD003842,1
ORD004659,5
ORD004886,5
ORD004168,5
ORD000104,4
ORD002916,5
ORD003090,5
ORD003095,4
ORD004192,5
ORD001088,4
ORD004124,1
ORD002416,5
ORD001412,5
ORD003582,4
ORD002012,4
ORD000812,4
ORD003855,5
ORD002691,4
ORD001446,5
ORD004198,4
ORD000968,2
ORD004385,5
ORD000125,3
ORD003060,5
ORD002723,5
ORD000131,5
ORD002316,5
ORD000162,3
ORD000118,5
ORD001964,5
ORD003847,4
ORD001748,5
ORD001310,5
ORD001737,4
ORD004063,3
ORD003880,4
ORD002171,5
ORD001454,4
ORD003558,4
ORD004743,5
ORD001055,5
ORD000698,5
ORD000404,4
ORD002356,5
ORD004093,5
ORD004101,5
ORD003174,5
ORD000264,5
ORD004214,5
ORD001745,5
ORD000820,4
ORD002374,5
ORD004790,5
ORD004910,5
ORD004784,2
ORD003426,5
ORD004328,5
ORD002721,2
ORD004535,5
ORD003914,5
ORD003744,3
ORD001292,4
ORD004667,5
ORD004215,5
ORD003187,4
ORD003189,5
ORD002677,5
ORD003457,5
ORD003568,5
ORD004403,4
ORD000396,5
ORD000832,4
ORD001837,5
ORD000104,5
ORD001523,5
ORD004399,5
ORD000301,5
ORD004908,4
ORD003408,5
ORD003895,2
ORD004613,4
ORD000635,5
ORD000500,5
ORD002227,4
ORD003512,1
ORD002583,5
ORD000004,5
ORD002655,5
ORD000474,4
ORD004921,2
ORD003298,1
ORD002270,5
ORD002078,4
ORD002145,2
ORD001165,3
ORD001838,5
ORD000427,5
ORD000762,4
ORD002092,5
ORD001010,5
ORD003268,4
ORD000573,2
ORD000063,5
ORD003825,4
ORD004680,5
ORD002671,5
ORD002630,5
ORD002166,5
ORD002096,5
ORD003691,5
ORD001536,3
ORD001455,4
ORD004432,5
ORD001750,4
ORD003035,5
ORD001555,5
ORD002747,2
ORD001679,5
ORD003179,5
ORD001460,5
ORD000929,4
ORD000862,5
ORD002297,2
ORD004627,4
ORD002692,5
ORD004173,5
ORD003201,5
ORD002457,5
ORD002412,2
ORD003767,3
ORD003403,5
ORD002863,5
ORD000443,5
ORD003133,5
ORD001929,3
ORD001123,2
ORD000806,3
ORD003341,4
ORD001246,5
ORD002403,4
ORD004144,5
ORD000500,5
ORD003382,5
ORD000085,3
ORD003076,4
ORD003563,5
ORD004832,4
ORD003395,3
ORD003981,4
ORD004054,5
ORD001756,5
ORD004978,1
ORD000488,4
ORD003050,2
ORD001900,5
ORD003338,3
ORD003688,5
ORD000705,5
ORD000290,5
ORD001535,3
ORD004555,2
ORD000755,4
ORD003589,4
ORD002093,5
ORD003511,3
ORD001807,4
ORD004823,5
ORD003044,4
ORD003526,5
ORD003434,5
ORD003145,4
ORD001150,4
ORD004022,4
ORD002526,2
ORD001457,5
ORD001968,5
ORD004621,5
ORD004941,5
ORD004082,4
ORD003418,5
ORD004544,1
ORD003872,5
ORD002173,5
ORD002738,3
ORD003820,4
ORD000436,3
ORD003599,5
ORD003646,4
ORD001989,5
ORD003309,4
ORD003958,5
ORD000966,5
ORD004852,5
ORD002879,5
ORD000290,5
ORD004709,3
ORD003195,4
ORD001078,4
ORD004656,4
ORD001371,3
ORD002838,5
ORD002038,2
ORD001609,4
ORD002638,5
ORD003462,5
ORD004665,4
ORD002494,5
ORD003078,2
ORD004596,3
ORD004830,3
ORD001245,4
ORD002437,2
ORD001474,4
ORD003507,3
ORD000471,3
ORD002123,2
ORD001939,5
ORD000472,5
ORD002684,5
ORD003726,5
ORD001208,4
ORD003087,4
ORD001431,4
ORD001508,4
ORD003014,3
ORD001006,2
ORD001955,5
ORD001182,1
ORD001510,2
ORD002416,3
ORD003021,4
ORD004750,5
ORD000862,5
ORD004243,4
ORD000522,4
ORD003361,5
ORD002801,4
ORD002947,4
ORD002783,5
ORD001743,4
ORD002632,5
ORD000772,4
ORD000700,5
ORD002384,2
ORD001029,5
ORD000511,3
ORD004624,5
ORD001689,1
ORD000481,5
ORD003353,2
ORD004755,4
ORD002803,5
ORD002325,4
ORD004915,5
ORD001115,5
ORD000036,5
ORD003988,5
ORD003115,1
ORD004874,3
ORD003712,5
ORD001307,5
ORD004937,4
ORD002127,4
ORD003576,5
ORD004249,5
ORD000646,4
ORD002005,5
ORD003055,5
ORD002581,4
ORD001656,5
ORD003813,3
ORD002062,4
ORD000890,5
ORD002384,5
ORD000361,5
ORD000522,4
ORD001858,4
ORD003286,5
ORD003145,5
ORD001486,5
ORD001303,4
ORD002272,4
ORD003559,3
ORD004171,4
ORD000036,1
ORD000116,4
ORD004028,4
ORD002199,2
ORD003415,4
ORD003547,4
ORD004775,4
ORD002424,5
ORD002098,4
ORD002674,4
ORD002589,5
ORD000576,5
ORD002729,3
ORD001249,3
ORD000895,5
ORD002179,5
ORD002478,4
ORD003866,5
ORD000983,4
ORD003034,4
ORD002704,1
ORD003187,5
ORD004369,3
ORD000638,1
ORD001281,3
ORD000634,2
ORD004131,5
ORD004018,4
ORD002706,2
ORD000594,5
ORD004364,2
ORD003317,5
ORD004400,5
ORD004035,5
ORD001547,4
ORD002437,4
ORD003501,3
ORD001765,3
ORD002037,4
ORD004038,5
ORD000494,3
ORD003224,5
ORD002894,4
ORD000547,2
ORD003271,4
ORD001465,5
ORD003880,3
ORD004322,2
ORD002841,5
ORD003303,5
ORD004434,5
ORD003147,1
ORD004142,3
ORD002533,4
ORD003262,3
ORD004704,5
ORD001567,3
ORD001253,4
ORD002801,3
ORD004476,5
ORD000041,5
ORD000496,5
ORD002294,1
ORD000368,4
ORD004434,2
ORD004899,4
ORD003487,3
ORD004573,4
ORD001926,5
ORD002510,2
ORD001691,4
ORD004138,3
ORD003008,5
ORD004166,5
ORD000481,5
ORD002255,5
ORD001358,5
ORD002850,5
ORD004720,3
ORD000071,5
ORD002631,3
ORD003286,5
ORD000144,4
ORD004011,5
ORD004390,3
ORD002690,5
ORD003669,4
ORD000833,5
ORD003177,4
ORD004312,5
ORD001308,3
ORD000485,4
ORD003089,3
ORD001946,5
ORD002780,4
ORD001478,4
ORD000773,5
ORD002826,5
ORD002323,5
ORD001260,5
ORD000634,5
ORD002080,4
ORD001595,4
ORD002264,5
ORD000648,5
ORD000072,5
ORD000844,5
ORD002751,4
ORD001925,5
ORD002099,5
ORD004954,5
ORD000219,4
ORD000067,5
ORD000041,4
ORD002899,5
ORD000129,5
ORD004345,4
ORD004316,5
ORD003843,1
ORD002558,4
ORD000035,3
ORD001238,5
ORD000003,5
ORD004639,5
ORD002281,4
ORD000769,3
ORD004861,4
ORD004327,3
ORD003681,5
ORD003149,4
ORD003930,2
ORD003279,5
ORD003136,2
ORD000256,1
ORD003779,2
ORD000954,5
ORD002272,5
ORD000308,5
ORD004294,3
ORD000313,3
ORD003818,5
ORD002856,5
ORD000851,5
ORD000832,5
ORD004366,1
ORD002952,1
ORD001893,5
ORD003238,5
ORD000837,5
ORD001832,4
ORD000346,2
ORD004257,3
ORD003485,3
ORD004878,5
ORD004961,1
ORD000298,4
ORD000014,5
ORD003893,4
ORD004474,5
ORD002272,4
ORD000671,4
ORD003316,3
ORD004160,5
ORD003473,1
ORD001542,4
ORD004108,5
ORD000774,2
ORD002794,5
ORD001084,4
ORD002690,5
ORD004260,4
ORD001532,5
ORD000838,5
ORD004411,5
ORD001002,1
ORD002914,4
ORD004479,2
ORD004101,5
ORD002437,5
ORD003276,5
ORD003079,4
ORD001756,3
ORD000443,4
ORD003047,5
ORD003857,4
ORD003733,5
ORD004701,4
ORD001798,5
ORD004246,5
ORD002521,2
ORD002278,3
ORD004832,5
ORD004462,3
ORD003248,2
ORD001313,5
ORD003274,4
ORD003239,4
ORD004081,4
ORD000488,4
ORD002174,4
ORD003314,5
ORD000134,5
ORD001606,5
ORD004552,1
ORD002442,4
ORD001040,4
ORD003492,1
ORD000748,3
ORD002047,4
ORD001360,2
ORD002926,5
ORD003347,2
ORD000286,2
ORD003948,3
ORD003383,5
ORD004120,4
ORD003049,1
ORD000323,1
ORD002341,3
ORD001639,5
ORD003294,5
ORD003261,4
ORD000936,5
ORD002979,3
ORD004583,5
ORD003076,5
ORD003653,5
ORD000480,3
ORD001642,4
ORD001317,5
ORD002708,5
ORD004048,5
ORD002813,2
ORD003080,5
ORD000605,4
ORD003132,5
ORD002567,4
ORD001686,5
ORD002581,3
ORD002681,1
ORD002419,3
ORD002935,3
ORD000215,5
ORD000221,4
ORD004344,3
ORD002105,3
ORD002764,5
ORD003900,5
ORD004851,4
ORD001733,2
ORD002701,3
ORD000111,5
ORD004427,5
ORD003284,5
ORD004937,3
ORD004142,5
ORD002788,2
ORD003311,3
ORD001778,3
ORD004011,4
ORD000402,4
ORD004518,4
ORD001427,4
ORD001052,4
ORD003814,5
ORD003322,3
ORD001610,4
ORD001608,5
ORD000735,3
ORD004539,3
ORD000645,4
ORD001720,5
ORD004097,4
ORD003488,5
ORD001869,5
ORD003182,5
ORD002502,4
ORD003512,3
ORD002737,2
ORD002122,5
ORD002999,4
ORD000067,4
ORD000520,5
ORD003473,5
ORD002811,3
ORD000639,4
ORD001056,4
ORD004286,5
ORD001366,5
ORD000937,4
ORD003104,5
ORD004907,3
ORD001428,3
ORD002418,5
ORD000186,4
ORD000678,4
ORD004557,4
ORD000581,5
ORD003464,3
ORD001966,5
ORD003255,4
ORD004521,2
ORD001542,4
ORD001347,4
ORD002125,1
ORD003108,5
ORD001798,5
ORD004809,4
ORD003446,3
ORD004488,3
ORD004189,5
ORD002664,3
ORD002422,1
ORD002291,5
ORD001215,4
ORD004490,5
ORD000272,3
ORD003431,4
ORD001064,4
ORD002198,2
ORD003347,4
ORD003017,4
ORD004724,5
ORD000473,5
ORD003923,5
ORD000284,4
ORD003581,5
ORD004148,3
ORD001250,5
ORD003205,5
ORD001537,5
ORD003852,5
ORD000403,3
ORD000072,2
ORD001321,1
ORD003875,4
ORD000228,5
ORD000770,3
ORD000974,5
ORD001581,5
ORD004340,3
ORD002384,2
ORD001722,5
ORD001246,5
ORD004921,5
ORD004131,4
ORD004964,5
ORD003874,4
ORD003755,2
ORD004654,1
ORD004245,5
ORD001891,3
ORD004788,5
ORD001800,5
ORD001787,5
ORD000694,5
ORD002545,4
ORD002788,4
ORD004704,4
ORD004385,4
ORD001801,4
ORD003624,5
ORD002131,4
ORD001923,4
ORD004929,4
ORD002505,5
ORD002626,3
ORD003290,4
ORD001550,4
ORD004867,5
ORD002365,4
ORD001121,5
ORD000257,5
ORD000879,5
ORD001762,5
ORD002027,4
ORD001326,4
ORD004243,4
ORD001194,3
ORD002224,5
ORD002549,5
ORD000682,5
ORD001328,5
ORD003134,3
ORD002544,4
ORD001440,5
ORD000031,4
ORD004092,4
ORD003448,5
ORD001557,4
ORD000177,5
ORD003332,4
ORD001929,5
ORD003826,5
ORD002412,4
ORD002137,5
ORD004548,5
ORD003244,5
ORD004264,4
ORD002613,3
ORD002953,4
ORD003242,2
ORD000990,4
ORD003225,4
ORD004278,1
ORD001820,5
ORD003085,5
ORD001629,4
ORD001398,5
ORD000891,5
ORD002623,4
ORD000516,2
ORD000955,5
ORD004423,5
ORD003239,5
ORD001445,5
ORD003080,5
ORD003073,5
ORD004236,4
ORD004453,2
ORD003595,5
ORD000405,5
ORD000030,5
ORD000540,4
ORD003468,3
ORD002208,4
ORD003919,2
ORD001473,5
ORD004090,5
ORD001896,5
ORD004150,5
ORD002728,5
ORD004861,5
ORD004331,5
ORD002599,3
ORD003019,2
ORD002193,5
ORD004974,5
ORD001117,4
ORD002079,2
ORD003849,3
ORD002352,3
ORD004995,5
ORD001028,3
ORD003180,2
ORD003878,5
ORD001953,1
ORD004743,4
ORD002667,5
ORD001062,4
ORD002529,5
ORD000408,5
ORD003160,4
ORD000454,5
ORD004613,5
ORD003327,5
ORD004026,2
ORD001916,2
ORD004838,4
ORD001582,4
ORD003370,5
ORD002699,4
ORD000946,5
ORD003948,3
ORD002072,5
ORD001591,5
ORD003629,5
ORD004526,5
ORD002236,4
ORD002822,2
ORD000182,2
ORD003941,2
ORD004298,3
ORD000969,1
ORD000324,3
ORD004965,5
ORD000100,1
ORD001593,4
ORD004230,4
ORD001496,4
ORD000700,4
ORD003142,2
ORD003999,4
ORD003763,5
ORD001510,3
ORD001681,3
ORD001837,5
ORD003813,5
ORD004713,5
ORD002118,5
ORD001605,4
ORD002827,5
ORD004200,4
ORD003202,4
ORD002079,1
ORD000453,1
ORD000174,5
ORD002593,5
ORD002256,5
ORD001049,5
ORD003907,4
ORD003475,2
ORD001209,5
ORD002908,4
ORD001536,2
ORD000856,3
ORD001180,4
ORD003718,5
ORD001309,5
ORD002916,4
ORD000863,5
ORD000883,4
ORD001849,4
ORD002582,1
ORD004824,5
ORD000906,5
ORD001738,5
ORD004184,1
ORD000388,4
ORD000509,5
ORD001917,2
ORD000896,5
ORD003498,5
ORD001350,3
ORD001039,2
ORD000514,5
ORD003917,5
ORD002985,3
ORD002572,5
ORD002059,5
ORD000669,4
ORD003505,5
ORD000770,1
ORD000499,5
ORD001283,5
ORD004514,5
ORD000167,5
ORD002624,5
ORD000372,5
ORD004812,5
ORD000015,5
ORD003157,5
ORD002423,2
ORD001163,5
ORD001484,5
ORD001040,4
ORD001400,4
ORD002076,4
ORD000908,2
ORD004999,5
ORD004433,2
ORD001877,5
ORD004801,2
ORD001229,5
ORD001834,5
ORD001389,5
ORD003552,3
ORD003192,3
ORD002963,3
ORD002737,3
ORD004714,2
ORD000189,4
ORD000856,5
ORD000754,5
ORD001800,5
ORD003611,5
ORD000441,4
ORD003391,4
ORD004783,4
ORD001139,3
ORD001756,2
ORD004363,5
ORD002375,1
ORD003249,5
ORD003343,5
ORD004615,4
ORD001830,4
ORD001317,5
ORD003723,4
ORD003296,4
ORD002680,5
ORD000848,5
ORD000257,5
ORD004419,3
ORD000709,5
ORD003613,5
ORD001230,5
ORD001437,5
ORD002353,5
ORD004387,5
ORD001283,4
ORD004458,4
ORD004639,4
ORD004665,4
ORD004014,4
ORD004483,5
ORD000228,4
ORD002029,5
ORD000385,3
ORD000580,3
ORD001129,4
ORD000086,5
ORD001332,4
ORD003281,3
ORD004564,4
ORD000677,3
ORD001819,5
ORD003173,5
ORD000982,4
ORD000258,4
ORD002460,5
ORD003761,5
ORD002095,5
ORD003974,3
ORD004902,3
ORD003324,4
ORD001095,5
ORD001830,5
ORD001789,5
ORD001200,1
ORD001854,2
ORD002775,4
ORD002630,4
ORD000770,5
ORD001304,5
ORD001050,4
ORD002820,4
ORD002194,5
ORD002650,3
ORD001948,5
ORD002803,5
ORD000219,4
ORD001727,3
ORD001798,2
ORD003558,5
ORD001043,5
ORD004318,5
ORD001013,3
ORD002624,5
ORD002305,5
ORD004868,4
ORD004848,5
ORD002031,5
ORD001942,4
ORD002891,5
ORD001445,1
ORD001520,3
ORD002280,5
ORD004546,5
ORD000132,4
ORD002275,5
ORD001574,5
ORD001666,5
ORD003398,5
ORD001959,5
ORD003909,4
ORD002580,5
ORD003827,2
ORD003170,4
ORD003739,5
ORD003228,5
ORD001616,5
ORD004667,5
ORD004338,5
ORD002485,5
ORD003946,5
ORD003559,5
ORD000666,5
ORD001010,4
ORD001448,4
ORD000211,5
ORD001202,3
ORD000307,5
ORD001196,5
ORD000321,2
ORD000526,3
ORD000186,3
ORD002148,4
ORD002819,5
ORD004191,5
ORD000504,3
ORD004239,5
ORD001910,4
ORD001211,3
ORD002959,5
ORD003809,5
ORD003985,5
ORD000455,5
ORD001507,4
ORD003594,4
ORD004167,5
ORD004880,4
ORD000770,4
ORD001990,4
ORD000668,4
ORD000723,5
ORD000789,5
ORD002056,5
ORD004282,5
ORD004860,4
ORD000604,4
ORD000010,2
ORD003858,5
ORD003181,1
ORD004650,1
ORD001490,5
ORD000729,5
ORD003692,3
ORD000781,4
ORD001437,5
ORD000112,5
ORD001158,5
ORD000658,4
ORD003513,5
ORD000076,5
ORD000483,5
ORD000648,5
ORD002633,3
ORD003019,5
ORD002723,4
ORD003361,5
ORD001324,5
ORD001179,3
ORD000307,4
ORD002931,4
ORD002442,3
ORD000480,3
ORD004661,5
ORD001679,5
ORD003795,5
ORD003021,4
ORD004866,4
ORD000583,4
ORD004705,4
ORD004988,5
ORD000919,5
ORD001404,5
ORD003683,5
ORD002598,5
ORD002040,5
ORD002441,5
ORD001880,1
ORD000281,3
ORD003839,5
ORD003769,4
ORD004492,4
ORD002981,5
ORD002272,2
ORD002901,4
ORD001815,4
ORD001880,5
ORD004526,2
ORD000018,4
ORD000947,2
ORD003210,5
ORD000199,4
ORD000269,5
ORD001230,2
ORD004650,4
ORD001884,3
ORD000645,2
ORD004743,3
ORD004550,4
ORD003607,4
ORD001672,2
ORD002350,4
ORD003621,5
ORD002107,5
ORD002450,4
ORD004663,5
ORD003904,2
ORD002147,3
ORD002939,5
ORD001458,5
ORD004059,4
ORD003343,4
ORD002861,4
ORD003539,5
ORD004325,5
ORD000978,5
ORD003632,2
ORD000912,5
ORD001504,2
ORD004732,5
ORD000781,5
ORD001397,5
ORD000831,2
ORD000800,5
ORD000931,5
ORD000804,4
ORD002651,1
ORD001116,3
ORD002611,4
ORD003932,3
ORD000985,1
ORD004695,4
ORD001628,4
ORD003610,4
ORD001088,4
ORD003007,4
ORD000140,3
ORD000723,1
ORD003409,5
ORD003858,3
ORD004309,5
ORD001457,5
ORD004934,5
ORD004258,5
ORD004388,4
ORD003438,3
ORD004994,5
ORD001497,2
ORD000859,3
ORD001692,5
ORD000803,4
ORD002952,3
ORD000775,5
ORD004055,5
ORD001940,5
ORD003377,4
ORD002613,2
ORD004121,2
ORD002837,5
ORD002877,5
ORD001134,4
ORD004373,5
ORD003221,3
ORD000174,3
ORD002075,5
ORD000782,5
ORD004828,5
ORD003458,5
ORD000984,5
ORD004773,4
ORD001392,3
ORD001763,5
ORD000984,5
ORD001711,5
ORD004095,5
ORD003638,2
ORD004646,4
ORD001172,5
ORD003579,3
ORD002234,4
ORD003220,5
ORD002913,4
ORD003939,4
ORD000399,2
ORD004529,4
ORD004632,5
ORD000109,4
ORD001212,5
ORD000162,5
ORD003196,4
ORD001340,4
ORD002807,5
ORD001808,5
ORD001728,4
ORD002544,5
ORD004957,5
ORD001727,4
ORD004546,5
ORD000646,5
ORD000910,5
ORD003491,5
ORD000956,3
ORD000029,5
ORD000023,4
ORD002107,4
ORD004443,4
ORD002788,5
ORD003016,5
ORD001518,3
ORD004130,1
ORD001970,2
ORD002282,5
ORD002332,5
ORD003151,2
ORD001751,5
ORD003716,5
ORD000490,4
ORD002739,4
ORD003700,4
ORD004771,3
ORD001905,5
ORD001816,5
ORD002780,5
ORD003856,4
ORD002857,5
ORD003323,4
ORD000697,5
ORD004223,5
ORD004323,4
ORD003303,3
ORD003732,5
ORD001665,3
ORD000651,4
ORD003416,3
ORD004015,5
ORD003176,5
ORD003534,1
ORD004462,5
ORD000517,5
ORD000553,5
ORD003340,5
ORD004461,5
ORD004372,5
ORD001776,5
ORD002053,3
ORD003267,5
ORD004893,4
ORD000715,3
ORD003299,5
ORD002229,4
ORD004482,5
ORD002538,2
ORD003930,5
ORD004668,3
ORD004138,4
ORD004749,5
ORD003695,4
ORD002843,1
ORD001512,3
ORD000178,2
ORD001002,5
ORD004108,2
ORD000853,4
ORD001446,4
ORD003829,5
ORD003799,4
ORD004893,3
ORD000780,3
ORD002151,4
ORD001354,5
ORD003633,3
ORD001125,4
ORD004892,4
ORD003170,5
ORD001475,4
ORD001104,5
ORD004343,5
ORD003478,4
ORD004529,4
ORD004206,2
ORD004975,4
ORD001039,5
ORD000356,5
ORD000747,4
ORD004210,5
ORD001333,4
ORD003975,5
ORD000216,5
ORD000325,5
ORD003380,5
ORD004680,4
ORD002668,5
ORD003253,5
ORD000151,3
ORD004569,4
ORD003686,5
ORD001204,4
ORD004841,5
ORD000391,5
ORD004938,3
ORD000818,5
ORD001818,5
ORD003689,4
ORD003857,5
ORD001379,1
ORD002222,5
ORD002191,3
ORD002318,4
ORD002175,5
ORD003253,5
ORD003340,5
ORD001453,5
ORD000817,3
ORD002068,5
ORD004683,4
ORD001164,2
ORD002334,3
ORD003296,5
ORD000150,5
ORD002622,1
ORD003673,5
ORD003659,5
ORD003666,5
ORD000546,4
ORD001472,5
ORD004197,4
ORD001450,5
ORD003857,5
ORD001860,5
ORD003031,5
ORD001487,4
ORD000645,5
ORD000563,5
ORD002547,4
ORD001537,5
ORD002933,4
ORD000099,2
ORD001398,4
ORD002921,5
ORD004134,3
ORD003290,5
ORD003897,2
ORD000309,4
ORD000848,5
ORD000962,5
ORD000357,4
ORD004200,5
ORD001468,3
ORD002851,5
ORD004996,2
ORD001417,4
ORD003005,4
ORD000082,5
ORD004789,5
ORD001446,5
ORD004441,5
ORD000428,4
ORD000367,3
ORD002293,5
ORD003357,5
ORD001373,4
ORD004839,5
ORD000376,3
ORD004004,5
ORD001853,4
ORD000047,4
ORD000441,2
ORD003640,5
ORD002568,2
ORD002749,4
ORD000195,5
ORD002077,5
ORD003854,4
ORD002225,4
ORD004050,5
ORD003238,4
ORD001337,4
ORD001325,4
ORD001140,4
ORD004687,5
ORD001661,3
ORD000106,1
ORD001756,5
ORD001330,5
ORD000658,5
ORD002290,5
ORD000259,5
ORD000781,5
ORD001714,4
ORD001152,4
ORD001942,5
ORD000524,4
ORD001675,4
ORD000588,5
ORD004537,5
ORD002173,4
ORD004326,2
ORD002355,3
ORD000482,4
ORD001040,3
ORD001849,3
ORD000965,4
ORD000560,5
ORD001965,5
ORD003236,3
ORD002110,4
ORD001629,1
ORD003160,4
ORD004769,4
ORD004367,5
ORD000934,5
ORD001588,4
ORD001078,2
ORD004247,5
ORD000181,3
ORD001001,5
ORD004484,4
ORD000935,4
ORD000035,5
ORD000726,4
ORD003669,1
ORD002729,4
ORD004943,5
ORD001605,4
ORD003624,4
ORD000884,4
ORD004633,3
ORD002744,2
ORD002185,1
ORD003956,4
ORD003699,4
ORD002143,4
ORD002965,5
ORD001589,3
ORD004727,4
ORD004063,5
ORD002038,4
ORD000496,5
ORD000075,5
ORD004654,4
ORD003677,3
ORD003066,4
ORD001188,5
ORD000372,5
ORD004358,3
ORD004916,4
ORD004720,4
ORD003526,5
ORD001345,4
ORD000295,5
ORD004057,4
ORD003056,1
ORD002526,5
ORD000824,5
ORD003595,5
ORD003122,1
ORD004708,4
ORD000553,2
ORD003957,5
ORD000679,4
ORD003505,5
ORD003963,5
ORD000924,5
ORD002604,5
ORD004289,5
ORD001530,4
ORD000385,5
ORD003550,4
ORD004318,5
ORD001285,3
ORD000751,5
ORD001780,2
ORD003180,5
ORD001490,4
ORD001654,5
ORD000220,2
ORD002026,4
ORD001303,2
ORD000869,4
ORD001215,2
ORD004685,5
ORD002168,4
ORD002977,5
ORD001969,2
ORD002187,1
ORD001393,4
ORD000313,5
ORD000416,5
ORD001672,4
ORD004761,2
ORD000856,4
ORD003203,4
ORD000679,5
ORD004390,4
ORD000743,5
ORD001356,5
ORD000097,3
ORD002131,2
ORD002354,5
ORD003088,5
ORD001168,5
ORD001928,4
ORD002294,5
ORD000334,4
ORD002466,4
ORD002554,2
ORD004454,2
ORD001258,5
ORD000270,5
ORD003049,5
ORD001116,5
ORD001793,2
ORD003580,4
ORD004307,5
ORD001095,5
ORD003712,4
ORD000486,5
ORD001778,5
ORD002882,5
ORD000274,4
ORD000902,5
ORD001245,5
ORD002162,4
ORD000420,4
ORD003553,2
ORD003215,4
ORD000081,2
ORD002232,4
ORD004873,5
ORD000756,5
ORD004058,4
ORD001627,4
ORD000586,5
ORD000703,4
ORD003223,4
ORD004370,5
ORD000290,4
ORD003410,5
ORD004582,4
ORD002093,4
ORD002933,5
ORD003880,5
ORD004888,3
ORD004255,2
ORD000100,5
ORD001355,1
ORD003368,3
ORD003124,4
ORD003712,5
ORD000903,4
ORD003277,5
ORD004731,5
ORD002388,5
ORD004491,4
ORD001082,4
ORD002060,5
ORD003873,4
ORD002088,5
ORD004440,4
ORD001034,4
ORD004082,3
ORD002978,4
ORD004851,5
ORD000221,5
ORD001956,3
ORD002023,5
ORD004987,5
ORD002142,2
ORD003961,2
ORD001702,4
ORD000100,4
ORD003228,4
ORD003244,4
ORD001699,4
ORD004608,5
ORD003394,5
ORD000267,4
ORD001091,3
ORD002081,2
ORD003110,2
ORD001804,4
ORD003460,5
ORD002953,4
ORD002526,4
ORD000179,5
ORD004918,4
ORD004817,4
ORD004456,5
ORD004641,4
ORD001559,5
ORD000390,4
ORD002870,5
ORD001440,4
ORD000338,5
ORD000635,2
ORD001056,4
ORD000330,3
ORD000241,5
ORD000065,5
ORD000901,4
ORD003179,5
ORD004763,5
ORD003051,5
ORD000212,4
ORD001995,5
ORD002907,1
ORD003812,4
ORD002524,4
ORD003710,5
ORD004501,5
ORD003057,5
ORD002684,5
ORD002066,5
ORD002610,4
ORD003050,4
ORD001186,4
ORD004188,3
ORD000469,5
ORD002213,1
ORD002818,4
ORD004779,4
ORD000468,1
ORD000595,3
ORD002392,5
ORD002195,3
ORD001857,4
ORD004846,5
ORD004985,4
ORD003952,4
ORD001396,5
ORD004129,1
ORD001695,5
ORD004354,5
ORD003690,5
ORD000527,3
ORD004093,4
ORD001773,2
ORD004699,5
ORD004299,2
ORD004466,3
ORD003104,5
ORD000263,5
ORD002692,3
ORD004117,5
ORD001969,4
ORD004536,5
ORD004735,3
ORD000295,5
ORD002123,4
ORD001456,4
ORD002147,5
ORD004252,5
ORD004413,4
ORD002360,5
ORD001837,5
ORD001017,5
ORD003974,5
ORD004713,3
ORD004444,5
ORD001242,4
ORD003307,4
ORD004905,5
ORD002470,5
ORD001010,2
ORD004671,5
ORD002483,5
ORD002591,4
ORD000854,5
ORD002291,4
ORD000224,5
ORD004133,5
ORD000129,4
ORD002463,4
ORD000445,4
ORD000011,5
ORD000016,5
ORD003171,5
ORD004012,5
ORD000028,5
ORD000762,4
ORD001197,5
ORD004534,2
ORD004064,4
ORD002026,5
ORD002987,4
ORD003073,5
ORD002885,5
ORD001738,4
ORD003522,5
ORD002674,5
ORD003985,5
ORD000569,5
ORD002003,5
ORD000422,3
ORD000093,3
ORD004401,5
ORD001304,5
ORD001330,2
ORD002997,4
ORD001404,5
ORD003921,5
ORD001445,5
ORD003357,5
ORD004460,5
ORD001994,5
ORD000375,5
ORD004794,5
ORD000707,4
ORD003448,5
ORD004926,4
ORD003450,5
ORD004408,5
ORD000662,4
ORD000524,3
ORD001703,1
ORD003903,3
ORD003959,4
ORD004733,5
ORD000847,2
ORD001908,3
ORD003729,1
ORD000901,4
ORD003249,3
ORD004258,2
ORD002062,4
ORD003606,3
ORD002924,5
ORD004515,5
ORD003537,4
ORD002939,2
ORD001916,5
ORD002536,3
ORD002004,3
ORD001251,5
ORD004890,5
ORD002881,4
ORD001087,2
ORD000960,5
ORD002925,5
ORD004897,5
ORD001762,5
ORD004385,2
ORD004817,1
ORD002662,4
ORD000882,5
ORD002706,5
ORD002783,5
ORD002054,5
ORD003925,5
ORD001519,2
ORD001276,5
ORD003660,3
ORD004237,5
ORD003349,4
ORD003842,4
ORD004520,3
ORD001889,5
ORD003221,4
ORD000185,4
ORD004846,3
ORD000310,5
ORD001647,5
ORD001698,3
ORD003890,4
ORD002340,4
ORD001530,5
ORD001962,5
ORD001081,5
ORD002644,5
ORD001090,2
ORD001275,5
ORD003553,5
ORD000081,5
ORD000793,5
ORD004663,5
ORD000830,4
ORD002437,5
ORD004685,5
ORD001710,5
ORD004235,5
ORD001478,4
ORD003623,5
ORD003293,2
ORD001587,5
ORD003948,5
ORD004488,1
ORD000799,5
ORD003778,5
ORD002133,1
ORD002017,1
ORD000023,5
ORD002616,5
ORD003043,4
ORD000222,5
ORD000099,4
ORD004728,3
ORD002136,5
ORD001587,3
ORD004429,3
ORD002229,4
ORD003389,3
ORD003529,2
ORD000648,4
ORD001848,5
ORD002108,4
ORD002762,4
ORD003778,5
ORD001093,2
ORD004090,4
ORD001253,5
ORD003194,5
ORD000208,4
ORD003296,5
ORD003610,5
ORD003131,5
ORD000089,4
ORD001163,5
ORD002872,5
ORD001998,5
ORD002636,5
ORD004526,5
ORD003733,5
ORD001886,5
ORD004743,3
ORD001951,1
ORD003778,2
ORD002616,3
ORD004995,5
ORD001472,4
ORD002656,3
ORD004983,5
ORD000688,5
ORD003556,5
ORD003969,5
ORD004942,5
ORD000917,5
ORD002780,4
ORD004462,5
ORD004329,3
ORD001723,3
ORD004678,4
ORD000111,2
ORD000084,5
ORD004461,5
ORD003990,5
ORD000523,5
ORD000213,5
ORD001458,4
ORD002635,5
ORD002481,5
ORD002125,2
ORD000115,4
ORD001795,3
ORD002579,2
ORD003826,4
ORD004009,2
ORD004561,4
ORD001194,5
ORD004982,4
ORD004047,5
ORD000353,5
ORD003031,4
ORD000745,5
ORD004959,5
ORD003720,3
ORD001736,4
ORD003768,5
ORD002540,4
ORD000997,2
ORD002481,5
ORD002605,4
ORD001522,3
ORD002458,5
ORD004531,5
ORD001538,3
ORD004418,5
ORD000119,5
ORD004014,5
ORD001543,4
ORD002632,5
ORD000665,4
ORD004104,5
ORD002975,5
ORD004131,4
ORD000298,1
ORD003555,2
ORD000278,5
ORD002542,5
ORD002237,4
ORD004336,3
ORD001671,4
ORD000173,4
ORD001605,4
ORD004860,5
ORD001594,4
ORD003978,3
ORD004252,5
ORD003162,1
ORD004093,5
ORD003565,4
ORD003262,5
ORD001963,1
ORD002262,5
ORD001087,5
ORD001946,4
ORD001346,5
ORD004861,5
ORD002359,4
ORD000423,5
ORD001782,5
ORD004142,5
ORD004155,4
ORD003673,5
ORD000750,5
ORD001580,4
ORD002079,5
ORD000322,4
ORD001377,4
ORD004405,5
ORD003974,5
ORD003453,1
ORD004804,5
ORD001323,3
ORD001211,4
ORD001509,5
ORD001711,4
ORD002219,4
ORD000810,5
ORD002249,3
ORD001809,4
ORD002478,5
ORD001015,5
ORD003813,4
ORD000342,4
ORD004353,5
ORD001956,4
ORD000401,5
ORD003349,5
ORD003830,5
ORD002978,3
ORD001533,5
ORD004491,4
ORD000301,5
ORD004127,4
ORD002941,1
ORD001638,4
ORD003384,3
ORD003951,3
ORD004525,4
ORD003385,4
ORD004637,1
ORD003274,2
ORD002134,3
ORD000633,4
ORD002602,5
ORD003130,5
ORD004822,4
ORD002370,5
ORD002393,5
ORD001643,5
ORD000001,4
ORD001123,5
ORD004695,5
ORD002356,4
ORD000608,2
ORD001723,5
ORD004430,3
ORD002259,5
ORD003294,4
ORD000033,3
ORD000639,5
ORD003238,4
ORD000817,4
ORD004093,3
ORD003989,5
ORD003225,5
ORD002158,5
ORD001710,2
ORD002851,5
ORD004566,2
ORD001883,3
ORD001810,4
ORD000894,5
ORD001850,5
ORD001260,5
ORD003372,4
ORD001293,2
ORD001172,4
ORD001525,5
ORD003170,5
ORD002551,5
ORD004937,5
ORD002863,5
ORD003026,5
ORD001807,5
ORD001791,5
ORD001185,3
ORD003284,5
ORD003142,5
ORD000848,3
ORD003430,3
ORD004281,3
ORD001311,4
ORD000169,4
ORD001286,4
ORD001300,5
ORD004329,5
ORD001791,4
ORD004382,5
ORD003492,3
ORD003052,4
ORD004893,5
ORD003540,3
ORD004834,5
ORD000341,4
ORD002811,4
ORD003276,5
ORD001926,4
ORD003457,3
ORD003034,3
ORD004175,4
ORD000313,4
ORD004289,5
ORD002558,5
ORD001656,5
ORD003614,5
ORD004331,4
ORD002598,5
ORD000314,3
ORD004381,5
ORD003847,3
ORD002589,5
ORD001358,4
ORD004863,4
ORD003892,4
ORD001124,5
ORD000658,5
ORD002916,1
ORD003446,3
ORD002331,3
ORD003585,4
ORD002746,5
ORD001554,5
ORD004365,5
ORD000884,4
ORD001402,4
ORD000780,4
ORD004485,5
ORD003847,3
ORD004101,5
ORD002679,4
ORD000038,4
ORD003495,5
ORD002578,4
ORD001927,4
ORD003621,5
ORD003140,4
ORD003557,5
ORD002790,5
ORD003110,5
ORD002697,5
ORD002257,3
ORD000997,5
ORD004486,2
ORD001275,5
ORD003286,5
ORD002439,1
ORD001537,5
ORD004027,4
ORD000518,5
ORD001755,4
ORD002750,5
ORD000968,5
ORD003911,3
ORD002686,1
ORD001707,3
ORD002034,4
ORD004195,1
ORD002019,4
ORD000325,5
ORD002444,3
ORD001891,2
ORD002369,5
ORD000430,3
ORD003711,4
ORD003613,5
ORD000988,4
ORD001459,3
ORD003494,4
ORD004907,4
ORD004530,4
ORD002846,5
ORD004218,5
ORD001990,5
ORD002077,5
ORD003874,2
ORD000602,3
ORD000849,4
ORD003734,4
ORD003306,5
ORD003087,5
ORD002728,3
ORD003615,4
ORD003216,5
ORD002158,5
ORD004400,4
ORD001967,5
ORD004679,5
ORD000380,5
ORD000694,4
ORD001561,1
ORD002848,4
ORD003146,5
ORD000907,5
ORD001289,4
ORD002025,3
ORD004876,5
ORD004642,5
ORD002119,4
ORD000213,5
ORD003435,1
ORD000513,5
ORD004211,5
ORD000461,5
ORD001339,4
ORD003328,5
ORD001797,5
ORD003049,5
ORD001670,5
ORD002684,5
ORD003460,5
ORD000962,5
ORD001578,4
ORD000757,1
ORD002514,4
ORD004906,5
ORD000130,5
ORD003102,4
ORD001462,5
ORD000351,5
ORD003887,4
ORD001196,5
ORD001706,4
ORD000643,3
ORD001430,4
ORD004162,5
ORD004092,3
ORD000480,4
ORD000328,4
ORD004380,5
ORD002590,2
ORD000929,2
ORD000904,4
ORD000332,5
ORD000567,5
ORD002829,4
ORD000422,3
ORD000461,3
ORD003019,5
ORD000010,4
ORD004115,5
ORD002174,5
ORD002361,2
ORD002138,5
ORD003338,5
ORD000988,3
ORD004353,1
ORD001048,3
ORD003967,1
ORD001956,4
ORD004319,4
ORD001564,2
ORD002768,5
ORD000966,5
ORD004449,5
ORD000807,5
ORD001612,5
ORD000041,5
ORD001115,5
ORD001804,5
ORD001216,3
ORD004592,4
ORD003737,1
ORD004833,4
ORD004077,4
ORD000443,3
ORD000502,5
ORD001687,5
ORD001500,5
ORD002018,2
ORD001638,4
ORD004280,5
ORD000346,2
ORD002897,5
ORD003343,5
ORD001791,4
ORD002855,5
ORD004263,2
ORD002246,4
ORD000212,5
ORD000477,5
ORD004024,5
ORD000010,5
ORD002143,4
ORD003290,5
ORD000630,4
ORD002760,5
ORD000934,5
ORD000335,5
ORD001329,3
ORD004614,3
ORD001649,4
ORD001855,4
ORD004024,5
ORD004322,4
ORD003929,3
ORD004374,2
ORD003081,4
ORD002579,5
ORD004018,5
ORD004864,4
ORD002185,5
ORD002168,3
ORD002097,5
ORD004259,5
ORD001502,4
ORD003346,2
ORD003597,4
ORD004489,5
ORD002539,3
ORD000586,5
ORD003309,3
ORD004655,2
ORD000970,4
ORD000662,4
ORD002063,5
ORD002243,4
ORD000965,4
ORD000699,5
ORD000136,5
ORD004104,5
ORD003922,5
ORD001374,1
ORD004338,4
ORD002903,5
ORD000735,4
ORD003050,2
ORD000701,5
ORD000382,5
ORD003072,4
ORD000875,4
ORD002235,1
ORD004786,5
ORD003212,5
ORD003959,2
ORD001706,5
ORD002155,5
ORD003319,5
ORD002708,5
ORD000848,5
ORD002880,5
ORD003690,3
ORD002514,4
ORD000672,3
ORD000594,4
ORD000693,5
ORD000093,4
ORD002559,5
ORD003617,5
ORD003076,5
ORD000960,3
ORD003784,5
ORD004860,5
ORD004402,1
ORD004584,5
ORD000525,5
ORD004444,2
ORD003906,3
ORD004754,4
ORD003388,1
ORD001838,4
ORD001747,2
ORD001491,5
ORD004922,5
ORD000394,5
ORD002795,3
ORD003760,4
ORD003616,4
ORD004886,5
ORD002565,4
ORD004751,5
ORD000191,5
ORD003637,4
ORD004275,5
ORD000031,5
ORD004863,4
ORD003411,4
ORD003485,5
ORD004351,5
ORD002605,3
ORD000397,5
ORD003504,5
ORD001003,4
ORD004101,4
ORD004514,2
ORD001057,5
ORD001202,5
ORD000005,5
ORD001789,5
ORD001310,5
ORD000929,4
ORD003677,4
ORD000539,4
ORD004551,4
ORD001721,4
ORD002872,4
ORD003098,3
ORD003696,5
ORD003234,5
ORD000651,1
ORD000411,4
ORD003417,5
ORD002977,5
ORD004844,5
ORD002982,4
ORD004213,4
ORD004965,2
ORD003108,1
ORD003290,2
ORD003012,5
ORD000333,5
ORD001897,5
ORD000329,5
ORD003218,5
ORD001585,2
ORD003497,4
ORD000645,4
ORD004544,4
ORD004134,5
ORD004892,5
ORD001514,5
ORD003173,1
ORD003931,4
ORD000126,1
ORD002851,4
ORD000137,4
ORD004391,4
ORD000373,4
ORD004123,4
ORD000068,4
ORD003782,5
ORD001702,5
ORD004911,4
ORD003309,5
ORD004951,3
ORD002082,2
ORD003121,5
ORD001460,4
ORD003043,3
ORD001820,3
ORD004224,5
ORD000979,5
ORD001334,5
ORD003039,4
ORD001038,3
ORD000295,5
ORD004252,5
ORD002071,5
ORD004730,5
ORD001859,4
ORD001674,5
ORD004021,5
ORD004923,1
ORD003956,4
ORD001795,5
ORD000896,4
ORD003856,2
ORD004827,5
ORD003726,5
ORD004636,3
ORD003386,5
ORD004988,3
ORD002734,2
ORD004293,2
ORD003235,5
ORD003443,1
ORD004845,4
ORD000088,4
ORD003998,5
ORD004972,3
ORD002478,4
ORD001324,5
ORD001382,5
ORD004418,2
ORD001653,3
ORD001782,5
ORD004954,3
ORD003416,5
ORD002851,5
ORD001052,3
ORD003588,5
ORD000158,4
ORD001666,3
ORD003824,4
ORD004464,5
ORD003784,5
ORD003362,3
ORD003909,4
ORD000499,5
ORD004559,5
ORD002829,3
ORD001849,4
ORD002835,5
ORD003134,5
ORD001173,4
ORD003220,4
ORD002896,5
ORD003469,5
ORD004072,4
ORD002002,4
ORD002204,5
ORD000133,5
ORD004337,5
ORD004920,1
ORD000776,1
ORD004912,4
ORD004570,5
ORD001662,5
ORD002522,5
ORD004881,5
ORD002654,3
ORD003581,2
ORD001306,4
ORD004978,4
ORD003031,5
ORD000723,5
ORD000071,5
ORD004984,4
ORD002574,5
ORD003302,5
ORD002935,5
ORD000715,5
ORD003869,4
ORD003939,2
ORD004143,5
ORD001623,5
ORD002570,4
ORD001000,5
ORD003576,5
ORD004803,4
ORD000226,5
ORD002392,5
ORD001072,5
ORD002358,5
ORD003758,5
ORD000768,5
ORD001842,2
ORD002759,5
ORD002775,5
ORD002835,5
ORD003439,5
ORD002597,5
ORD001027,4
ORD000308,4
ORD001261,5
ORD002294,5
ORD002757,4
ORD004019,2
ORD001282,2
ORD000113,1
ORD002963,5
ORD003457,5
ORD000588,4
ORD001370,3
ORD001598,4
ORD003719,4
ORD002768,5
ORD001214,4
ORD004223,5
ORD001932,5
ORD002472,3
ORD000168,5
ORD000187,5
ORD001381,3
ORD004099,5
ORD001523,4
ORD003286,4
ORD003619,5
ORD003855,5
ORD003706,5
ORD003411,1
ORD003328,5
ORD002532,4
ORD000518,5
ORD004374,5
ORD002914,3
ORD003392,5
ORD000828,2
ORD001635,4
ORD001246,3
ORD002861,4
ORD000731,4
ORD004210,5
ORD002157,5
ORD001358,2
ORD000506,5
ORD000777,2
ORD004805,4
ORD003816,3
ORD003898,4
ORD004888,4
ORD002711,5
ORD000307,4
ORD004558,2
ORD000293,4
ORD000954,3
ORD000647,2
ORD001667,4
ORD002945,5
ORD000540,2
ORD004032,5
ORD000548,4
ORD000482,2
ORD004256,2
ORD002576,4
ORD001171,1
ORD001253,4
ORD003518,4
ORD002995,3
ORD003748,4
ORD004641,5
ORD000678,5
ORD003384,3
ORD004067,3
ORD000659,3
ORD001941,5
ORD003940,5
ORD004982,5
ORD002818,4
ORD002582,4
ORD004585,5
ORD004227,5
ORD000302,4
ORD000386,3
ORD000824,3
ORD001036,4
ORD004886,4
ORD000115,5
ORD002099,5
ORD002899,5
ORD001908,4
ORD004909,3
ORD003129,3
ORD001951,5
ORD002324,4
ORD001229,5
ORD001107,4
ORD003635,1
ORD003995,4
ORD004923,4
ORD001942,1
ORD001538,4
ORD001468,5
ORD001537,3
ORD001966,5
ORD000850,2
ORD004010,4
ORD000114,4
ORD002434,4
ORD003313,5
ORD003216,5
ORD001569,2
ORD000999,2
ORD003370,5
ORD004299,5
ORD002858,4
ORD003204,4
ORD001714,2
ORD003069,1
ORD000038,4
ORD003817,4
ORD004601,2
ORD004851,5
ORD000810,5
ORD003206,4
ORD002180,4
ORD001158,2
ORD000763,5
ORD004764,3
ORD002460,4
ORD000429,1
ORD003501,5
ORD002453,5
ORD002335,2
ORD004768,4
ORD000612,5
ORD000253,5
ORD004690,4
ORD002916,5
ORD004582,2
ORD004567,4
ORD003706,3
ORD004526,3
ORD002863,5
ORD003739,4
ORD003748,3
ORD000421,2
ORD001698,4
ORD000456,5
ORD001560,4
ORD001787,5
ORD004874,2
ORD001841,5
ORD003114,4
ORD001280,2
ORD003135,5
ORD000703,3
ORD000481,4
ORD000992,5
ORD002759,4
ORD000708,1
ORD003885,5
ORD002398,3
ORD003216,2
ORD000858,4
ORD002674,2
ORD003316,5
ORD000113,4
ORD000775,5
ORD000381,4
ORD004646,2
ORD004945,5
ORD001920,5
ORD003875,2
ORD003269,5
ORD001220,2
ORD001314,5
ORD000164,5
ORD003126,4
ORD004206,4
ORD002579,3
ORD000557,4
ORD004943,3
ORD000534,4
ORD001815,5
ORD003811,4
ORD001899,5
ORD003609,4
ORD001136,2
ORD001094,5
ORD004419,1
ORD001404,4
ORD000327,5
ORD000079,4
ORD000578,2
ORD001055,5
ORD001409,4
ORD001512,3
ORD001538,4
ORD000419,3
ORD001242,3
ORD003211,5
ORD002511,5
ORD004375,5
ORD000139,4
ORD004243,1
ORD001680,4
ORD004542,5
ORD000691,4
ORD000666,4
ORD002393,3
ORD002372,5
ORD004713,4
ORD000635,1
ORD000266,4
ORD001529,5
ORD002332,5
ORD003115,5
ORD003253,4
ORD003063,5
ORD003681,4
ORD002591,3
ORD002250,1
ORD000920,4
ORD002015,5
ORD002959,3
ORD003240,5
ORD001529,5
ORD000319,4
ORD001739,3
ORD004271,5
ORD003455,3
ORD003932,4
ORD003091,5
ORD001902,2
ORD000840,5
ORD002237,3
ORD002015,5
ORD001089,5
ORD002055,4
ORD000132,1
ORD000201,4
ORD000566,4
ORD000530,4
ORD004318,3
ORD002496,4
ORD000239,5
ORD004745,5
ORD001781,4
ORD000921,3
ORD000228,5
ORD000331,5
ORD004422,4
ORD003942,3
ORD002418,5
ORD004054,4
ORD000042,3
ORD001410,4
ORD000643,4
ORD003499,3
ORD004660,5
ORD003625,5
ORD001178,5
ORD003589,4
ORD000692,4
ORD003820,5
ORD000429,5
ORD001523,5
ORD001061,5
ORD002032,5
ORD004885,4
ORD000372,4
ORD004925,5
ORD003694,5
ORD003108,2
ORD003323,5
ORD001538,3
ORD001537,5
ORD004389,4
ORD002912,2
ORD000199,2
ORD000573,5
ORD003019,2
ORD002636,3
ORD003588,4
ORD001653,4
ORD000340,1
ORD000550,5
ORD001851,5
ORD002726,5
ORD002269,5
ORD001200,5
ORD000301,3
ORD000987,1
ORD000588,4
ORD003236,4
ORD004679,5
ORD002579,5
ORD000053,3
ORD002012,4
ORD000652,3
ORD002017,5
ORD000889,5
ORD004203,5
ORD001695,4
ORD002548,5
ORD003607,5
ORD001429,4
ORD001882,5
ORD002904,5
ORD001033,3
ORD000346,4
ORD001406,5
ORD003235,4
ORD002485,4
ORD004322,3
ORD002596,4
ORD000116,4
ORD003231,4
ORD002298,4
ORD000328,2
ORD004445,4
ORD004096,5
ORD002489,4
ORD001291,5
ORD001535,5
ORD000246,5
ORD000781,3
ORD002437,3
ORD001303,4
ORD002545,4
ORD001278,5
ORD001381,2
ORD004686,2
ORD002208,1
ORD004129,3
ORD002031,5
ORD002139,3
ORD000261,5
ORD001548,5
ORD003779,5
ORD003930,4
ORD003674,5
ORD000584,5
ORD002693,5
ORD000381,4
ORD000340,2
ORD000844,4
ORD002449,4
ORD002203,5
ORD001102,4
ORD004119,5
ORD002319,5
ORD002941,5
ORD002191,4
ORD002590,5
ORD001459,4
ORD003502,5
ORD002315,5
ORD001176,5
ORD004939,5
ORD003212,5
ORD003201,2
ORD003203,3
ORD004148,5
ORD004519,3
ORD000523,5
ORD002077,3
ORD001636,4
ORD001425,3
ORD004098,5
ORD003956,3
ORD001387,2
ORD003838,2
ORD003165,3
ORD001718,5
ORD002191,5
ORD002284,4
